{
  "elbow_method": {
    "2": 10.803838293689648,
    "3": 4.898355189054362,
    "4": 2.939882536438802,
    "5": 1.7912539652730566,
    "6": 1.4184281549104971,
    "7": 1.1180021147019759,
    "8": 0.9533342997022981
  },
  "optimal_k": 4,
  "kmeans_info": {
    "iterations": 10,
    "converged": true,
    "wcss": 2.939882536438802,
    "final_centroids": [
      [
        0.2905222239271652,
        0.40413912043690725
      ],
      [
        0.5139981737288961,
        0.20045856534556175
      ],
      [
        0.9484388053467,
        0.0659330985915493
      ],
      [
        0.131934775209629,
        0.8523735002608243
      ]
    ]
  },
  "cluster_statistics": {
    "cluster_0": {
      "count": 98,
      "avg_price": 0.29052222392716487,
      "avg_cost": 0.2558650836760559,
      "avg_units_sold": 0.4041391204369071,
      "avg_profit": 612.6549744897959,
      "avg_promotion_frequency": 0.38163265306122446,
      "avg_shelf_level": 0.4863945578231293,
      "categories": {
        "Bakery": 29,
        "Snacks": 23,
        "Beverages": 22,
        "Produce": 11,
        "Dairy": 7,
        "Meat": 6
      }
    },
    "cluster_1": {
      "count": 43,
      "avg_price": 0.5139981737288959,
      "avg_cost": 0.5073245497686208,
      "avg_units_sold": 0.2004585653455618,
      "avg_profit": 458.1941860465115,
      "avg_promotion_frequency": 0.07441860465116279,
      "avg_shelf_level": 0.5116279069767442,
      "categories": {
        "Dairy": 20,
        "Produce": 13,
        "Beverages": 4,
        "Meat": 2,
        "Bakery": 2,
        "Snacks": 2
      }
    },
    "cluster_2": {
      "count": 32,
      "avg_price": 0.9484388053467001,
      "avg_cost": 0.9482335234474017,
      "avg_units_sold": 0.06593309859154929,
      "avg_profit": 369.80062499999997,
      "avg_promotion_frequency": 0.025,
      "avg_shelf_level": 0.7395833333333333,
      "categories": {
        "Meat": 25,
        "Dairy": 7
      }
    },
    "cluster_3": {
      "count": 27,
      "avg_price": 0.131934775209629,
      "avg_cost": 0.105337276439938,
      "avg_units_sold": 0.8523735002608244,
      "avg_profit": 737.8268518518518,
      "avg_promotion_frequency": 0.577777777777778,
      "avg_shelf_level": 0.2345679012345679,
      "categories": {
        "Produce": 9,
        "Snacks": 8,
        "Beverages": 7,
        "Bakery": 3
      }
    }
  },
  "cluster_names": {
    "cluster_0": "Economy Products",
    "cluster_1": "Economy Products",
    "cluster_2": "Economy Products",
    "cluster_3": "Economy Products"
  }
}