{
  "data_split": {
    "train_size": 140,
    "test_size": 60,
    "test_percentage": 30.0
  },
  "linear_regression": {
    "model_info": {
      "type": "Linear Regression",
      "coefficients": [
        4943.521008468665,
        -4674.924801081903,
        450.00162353318956,
        163.58420697266092,
        25.80508065634831
      ],
      "intercept": 113.98046521725149,
      "train_mse": 9427.980424444086,
      "train_mae": 71.91100959613699,
      "r2_score": 0.7403107459354112
    },
    "test_metrics": {
      "mse": 8927.03774421968,
      "mae": 74.89253996130056,
      "rmse": 94.48300240900308,
      "r2_score": 0.7374514231057203
    },
    "overfitting": true
  },
  "polynomial_regression": {
    "model_info": {
      "type": "Polynomial Regression (degree=2)",
      "degree": 2,
      "n_features": 20,
      "train_mse": 399.41883299913036,
      "train_mae": 11.734011854256586,
      "r2_score": 0.9889981974790737
    },
    "test_metrics": {
      "mse": 2501.5830870641043,
      "mae": 20.47974009900022,
      "rmse": 50.01582836526957,
      "r2_score": 0.9264272093039201
    },
    "overfitting": true
  },
  "comparison": {
    "best_model": "Polynomial Regression (degree=2)",
    "best_reason": "Lower MSE on test set",
    "mse_difference": 6425.454657155577,
    "mae_difference": 54.41279986230033
  },
  "predictions": {
    "linear": {
      "actual": [
        658.1,
        647.5,
        590.4,
        262.8,
        297.7,
        730.1,
        670.4,
        265.05,
        526.4,
        521.55,
        439.95,
        242.1,
        249.75,
        558.25,
        543.9,
        200.42,
        717.2,
        286.4,
        597.6,
        401.2,
        543.4,
        855.5,
        549.6,
        389.5,
        608.6,
        549.1,
        591.8,
        502.9,
        605.1,
        416.05,
        1028.0625,
        627.9,
        774.8,
        628.6,
        387.45,
        322.2,
        327.6,
        510.3,
        262.65,
        835.8,
        503.8,
        502.9,
        568.8,
        548.1,
        387.4,
        186.83,
        975.1,
        528.2,
        543.4,
        456.3,
        474.6,
        501.6,
        834.4,
        359.25,
        326.58,
        435.1,
        278.6,
        358.5,
        491.1,
        381.65
      ],
      "predicted": [
        690.1464836834541,
        612.150720055821,
        517.0311685704519,
        185.70690555671257,
        239.4459685171759,
        736.9073542873057,
        667.2521505456266,
        167.03571574482743,
        462.44149420489515,
        602.3700235040587,
        431.9448137267463,
        116.46567830220278,
        406.1181107439242,
        496.35559227647803,
        449.55679968119233,
        401.6814750189496,
        495.5253304814018,
        236.87916232883543,
        630.2196905382066,
        637.5436234185695,
        525.0997783532739,
        737.872886521973,
        535.4176666886367,
        421.96323833312175,
        640.4235576407807,
        507.2756999413404,
        503.29586264165636,
        570.1788761601704,
        672.7539541401077,
        376.7927196549394,
        824.9812002291856,
        495.54478049463336,
        755.9215073943419,
        653.1630173629246,
        338.55582098852113,
        321.3632978430425,
        415.62518729744255,
        637.0838616620299,
        159.28463359780466,
        788.1573326741118,
        520.5142217189482,
        555.2028319542694,
        629.0578287310566,
        455.6862582645255,
        373.48073723981616,
        401.0476699153814,
        823.9219963717467,
        636.9911680742871,
        588.3061182440069,
        402.81277868221554,
        425.3583706154736,
        575.6300161726494,
        836.3394156549437,
        266.48853151132465,
        416.892797504578,
        573.3081020547613,
        247.1970506641989,
        299.52308251331846,
        502.3143803988991,
        274.23961365834606
      ]
    },
    "polynomial": {
      "actual": [
        658.1,
        647.5,
        590.4,
        262.8,
        297.7,
        730.1,
        670.4,
        265.05,
        526.4,
        521.55,
        439.95,
        242.1,
        249.75,
        558.25,
        543.9,
        200.42,
        717.2,
        286.4,
        597.6,
        401.2,
        543.4,
        855.5,
        549.6,
        389.5,
        608.6,
        549.1,
        591.8,
        502.9,
        605.1,
        416.05,
        1028.0625,
        627.9,
        774.8,
        628.6,
        387.45,
        322.2,
        327.6,
        510.3,
        262.65,
        835.8,
        503.8,
        502.9,
        568.8,
        548.1,
        387.4,
        186.83,
        975.1,
        528.2,
        543.4,
        456.3,
        474.6,
        501.6,
        834.4,
        359.25,
        326.58,
        435.1,
        278.6,
        358.5,
        491.1,
        381.65
      ],
      "predicted": [
        657.8962242923766,
        638.4097560913495,
        582.1677254929649,
        266.97720707914493,
        301.48874671441615,
        753.9030407092138,
        705.8611655585104,
        275.58608371328535,
        524.6349638203923,
        646.8858369675148,
        449.7559223844313,
        248.54717025619755,
        243.43191050112216,
        554.2750793075996,
        531.3258676486506,
        212.23653115643936,
        715.9444091182417,
        284.1944522071343,
        594.8002455711134,
        462.03010835649206,
        545.8474543771853,
        542.6075442107908,
        550.3512176243247,
        354.95000160162306,
        609.8378637805246,
        542.8700071915299,
        577.2497574299786,
        496.1603274932744,
        605.8799668438941,
        418.28969510493187,
        1168.0531645335082,
        609.9306053468334,
        802.2427491406387,
        679.6640110369166,
        400.15920455944195,
        318.2421946861274,
        310.32288603410996,
        515.6214988820417,
        277.1874584032197,
        822.9882608087231,
        500.3400607454513,
        504.3626922233701,
        593.7771942480653,
        537.2612191084103,
        381.966373005387,
        207.78110861303537,
        973.4936363263831,
        571.3301634054684,
        541.6189173635777,
        450.7604991314398,
        478.1761971414329,
        501.3634459469903,
        840.7137418724593,
        332.8932693741466,
        319.2461887073663,
        431.27181824225966,
        280.03423163519017,
        361.876573757041,
        501.3822204051065,
        360.70566773808093
      ]
    }
  }
}